ID;Nome;Nome da Mae;Nome do Pai;Sexo;Data de Nascimento;Ã”nibus
0;ANTONIA VIEIRA ALMEIDA;ANTONIO C A;MARGARIDA;F;28111957;347, 392, 340, 718, 046
1;JESSICA SOUZA VALDECI;FRANCISCO PORTO VALDECI;RANMUMDA FOUZA IRIS;F;1737968;939, 333, 929, 374, 557, 339, 245
2;NAJLA CLEIDE NASCIMENTO;FRANCISCO FILHO NASCIMENTO;IRACEMA CLEIDE SOUSA;F;2961994;119
3;THDLIA MEDVIROS SILKA;MOISES CAETANO SILVA;GLAUCIMEIRE;F;561866;961, 965, 464, 875, 106, 984, 612
4;FRANCISCO AQUINO DIAS;ANTONIO U D;JOSEFA AQUINO SOUZA;M;1661961;497
5;MARIA;FRANCISCO VIEIRA SILVA;RITA LIMA SOMBRA;F;411995;957, 898
6;MARIA SANTOS SERGIO;ELIAS ARRIBAMAR SERGIO;OTILIASSNTPS ALVES;F;1515986;874, 389, 491, 931, 070
7;JOAO A M;JOSE;MARTA ANGELA LIMA;M;2566992;429, 960, 614, 968
8;WILLAME SA SILVA;HILTON FERNANDES SILVA;MARIA SA SANTOS;M;131972;789, 231, 415, 738, 570
9;MARIA NASCIMENTO VIEIRA;JOSE PINHEIRO VIEIRA;ADALGISA;F;2888417;562, 710, 953, 459, 018, 084, 684, 969, 575
10;WEIDELL;LUXS COSCA FARIAS;MARIA LIMA JULIA;M;781950;832, 996, 217, 768
11;CLEIDE;LUIZ A M;MARIA M S;F;1934394;883, 337, 495, 740
12;RAIMUNDA ALMEIDA FAUSTINO;CICERO SILVA FAUSTINO;ROSQRIX ALMEIDA NONATA;F;151568;588, 977, 836, 097, 183
13;ELIZA ANDRE CHARLES;ANTONIO NASCIMENTO CHARLES;HELYANA ANDRE SILVA;F;9812018;317, 171, 704, 850, 869, 323
14;CAIO SOUSA SOUZA;JOSNIAS N S;MADIP SIUSA SOEZA;M;781970;096, 205, 118, 408
15;LYA AMORIM SANTOS;RAIMUNDO SALES SANTOS;ANTONIA AMORIM SANTOS;F;4051979;478, 574, 526, 418, 500, 257
16;DANIELY AGOSTINHO OLIVEIRA;RODRIGO SOUSA OLIVEIRA;MARIA A O;F;389954;919
17;FRANCITCO;FRANCISCO;MARIA PEREIRA ALBUQUERQUE;M;1551979;955, 189, 138, 384, 923, 484, 972
18;MARIA BARBOSA GUERRA;WENDER NETO GUERRA;MARIA BORBOSA COSTV;F;58111917;645, 645, 950, 488, 591, 944
19;LUIZ ALEXANDRE MORAIS;EMILIANO LIMA MORAIS;KARINNY ALEXANDRE SERRA;M;981503;875, 584, 063, 061
20;FRANCISCO COSTA REIS;FRANCISCO BEZERRA REIS;MARIA COSTA ARAUJO;M;1171395;443, 744, 530, 857, 091, 907, 677, 661, 926
21;LUIZ JUCILEIDE OLIVEIRA;LUIS MATHEUS OLIVEIRA;MARCIA JUCILEIDE IONEIDA;M;512013;039, 737, 166, 335
22;ANA CASTRO SOUSA;FRANCISCO PEREIRA SOUSA;MARIACASTRO SXNTOS;F;20507970;244, 628, 668, 826, 481, 420
23;ADRIANA SOUSA REINALDO;LUIZ;MARILAC SOUSA SOUSA;F;2517971;388, 964, 903, 796, 411
24;MARIA SOUSA CARMO;OSCARPC;FRANCI SOUSA ARAUJO;F;481949;670, 346, 056
25;CRISTIANO RODRIGUES FILHO;CARLOS ALVES FILHO;MARIA;M;1991971;962, 363, 323, 801, 683, 291
26;RAFAELA SOLEDADE SILVA;VILSOMAR A S;MARIA SOLEDADE SONTANA;M;2246971;353
27;PEDRO BATISTA FERREIRA;JOSE VALMIR FERREIRA;MARIA BATISTA EDUARDO;M;728989;816, 336, 662, 998, 859, 006, 777, 273, 532, 312
28;IRENE;EMANUEL;MARIA;F;2341977;404, 082, 608, 208, 273, 484, 610, 693, 854, 807
29;KARY R F;ELIAS BATISTA FILHO;MARIA RODRIGUES GERACIANA;M;721936;277, 258, 782, 698, 463, 086, 727
30;ESTEFANIA NEIDE NASCIMENTO;OSCAR;CLAUDETE NEIDE FREITAS;F;431992;700, 882, 430
31;DANIELS G;FRANCISCO MARCIO GAIA;MIGUEL SOUSA TEIXEIRA;M;5231980;622, 375, 225, 835, 872, 849, 558, 427
32;MANUEL RITA SANTOS;EXPEDITO ROCHJSANTOS;MARIA RITA LOPES;M;6758931;091, 295, 312, 110, 601
33;FRANCISCO GOMES ERNANDES;CARLOS;MARIA GOMES TEIXEIRA;M;1212006;714
34;FRANCISCO MARTINS SILVA;ANTONIO SALES SILVA;MARILIA AARTINS MIRANDA;M;5054002;337, 082, 291, 763, 174, 921, 920, 188, 232, 734
35;MARIA NEUZA LOPES;JOSE BRITO LOPES;MARIA NEUZA CHAGAS;F;7041943;279, 425
36;YASMIN P S;FRANCISCO OLIVEIRA SILVA;MARIA PEREIRA FORTE;F;1841925;500, 560, 897, 361, 688, 562
37;NICOLAS NASCIMENTO WELLINGTON;ELIAS PAULINO WELLINGTON;ALCIONEIDE N F;M;088903;226, 774, 297, 100, 204, 642, 748, 603, 407, 684
38;MARIA;PEDRO;ROCHELLE PAIVA SILVA;F;2441937;094, 609
39;FRANCISCO MOURA MARTINS;CARLOS NASCIMENTO MARTINS;BERENICE MOURA GOMES;M;636980;765, 506, 843, 016, 434, 512
40;JUCIELDA ALVES FALCAO;MARCOS S F;LIDUINA ALVES ALVES;F;1410973;885, 515, 376, 310
41;MARIA SILVA PINTO;FRANCISCO;DULCILENE SILVA PAULA;F;1618987;855
42;JOSE ANDRADE SILVA;MIGUEL C S;MARIA;M;1351687;535, 166, 295, 634
43;YASMIM PEREIRA ASSIS;IVAN LIMA ASSIS;MARIA PEREIRA SILVA;F;1841977;750, 069, 817, 618, 718
44;GLEIDSON;FRANCISCO;ANTONIA LOPES SOUZA;M;851254;617, 814
45;CLAUDIA;MARDONIO;MAAYASILVA SIMICO;F;5902811;861, 357
46;JOSE PAULA SILVA;JOSE;PATRICIA PAULA NASCIMENTO;M;1531738;665, 557, 049, 982, 406, 536
47;BARBARA BEZERRA SILVA;MANOEL;FRANCISCA BEZERRA CONCEICAO;F;27110001;367, 036, 250, 554, 844, 678
48;CAIO NILZA GLEDSON;JOAO ARGEMIRO GLEDSON;ELAINE NILZA SANTOS;M;2196976;066, 686, 066, 795, 299, 858
49;ENDERSON;MANOEL RAMOS LEANDRO;LUCIANA SANTOS SILVA;M;1271411;510, 471, 658, 105, 114, 255, 488, 108, 571, 597
50;TRONIDES NASCIMENTO LUIZ;ADALBERTQ;SONIA;M;5151982;768
51;ANA SILVA BRITO;PAULO GOMES BRITS;MARIA SILVA SILVA;F;0832027;770
52;MANOEL MIANA CARMO;ANTONIO JOSE CARMO;REGILANE VIANA ALDENIZA;M;11111960;892, 707, 611, 931, 190, 005, 880, 650, 209, 367
53;MARIA SILVA CAVALCANTE;JOSE MARQUES CAVALCANTE;VALERIA SILVA SANTOS;F;2471990;221, 419, 826, 996
54;JOSE;DAMIAO BEZERRA SANTOS;ELIKA;M;1111923;543, 807, 092, 216
55;REBECA;CARLOS;JOANA MACEDO LEONCIO;F;3719102;943, 427, 857
56;LARA SILVA ANGELOS;JOSE ALMEIDA ANGELOS;ADALGISA SILVA RIBEIRO;F;8111375;957, 952, 489
57;MARIA JOSE SOUZA;JOSE RIBIIRO SOUZX;MARIA JOSE MARIA;F;27101926;781, 466, 224, 852, 241, 287, 616, 643
58;MARIA SOUZA HENRIQUE;PEDRO;FRANCISCA;F;2122023;506
59;INA VIEIRA POMPEU;FRANCISCO;RAIMUNDA V R;F;1141979;716, 354
60;PRANYISCO LOUREVCO CARML;JOSE SILVA CARMO;MARIA LOURENCO FREITAS;M;2552014;895, 676, 630
61;HADZIEJMASCIMENTO ELIVEIRC;FRANCISCO PAULA OLIVEIRA;MARIA N M;M;21172000;124, 297, 472, 970, 302, 223
62;FRANCISCA SANTOS LIMA;ANTONIO SILVA LIMA;MARIA SANTOS SILVA;F;5021937;765, 328, 468, 174, 149, 246, 680
63;KARLA NASCIMENTO VIANA;FAGNER S V;MARIA NASCIMENTO SANTOS;F;1102040;487, 702, 339, 536, 528, 513, 661
64;JOSE ACARAU GOMES;VALDECI CARLOS GOMES;TATIANA ACARAU SILVA;M;361968;966, 580, 351, 050
65;ANTONIO SOUQA CXUZ;WASHINGTON SANTOS CRUZ;JOSINA SOUZA MARTINS;M;1091997;631, 829, 476, 401, 430, 521, 375, 031
66;MARIA MACIEL PESSOA;MANOEL M P;ANTONIA MACIEL SILVA;F;121958;137, 987, 381, 728, 898, 926
67;DAMIAO L F;FRANCISCO SILVA FERREIRA;HELOINA LYQHARES BARBOSA;M;2721981;441, 747
68;CLARA INES SILVA;PEDRO OLIVEIRA SILVA;FRANCISCA INES SILVA;F;2081975;752, 685
69;PAULO NOGUEIRA ARAUJO;FRANCISCO ANTONIO ARAUJO;MARIA NOGUEIRA FREITAS;M;1592005;467
70;CLEIDEVANIANASCIMENTO FREITAS;MANOEL;MARIA NASCIMENTO SILVA;F;1671797;597, 327, 816, 121
71;RITA SILVA ANDRADE;PAULO VENANCIO ANDRADE;OZANGELA SILVA ALICE;F;2341998;339, 563, 600, 999, 309, 049, 192
72;MARILENE S M;FXINCFSCO;ANA SOCORRO SILVA;F;0672011;983, 232, 316, 620, 931, 693, 839, 794, 859
73;JESSICA SANTOS PEREIRA;ANTONIO AQUINO PEREIRA;LUANA SANTOS FERREIRA;F;2011964;131, 557, 223, 343, 355
74;LORENA SOUZA SIQUEIRAS;ALEMIR SILVA SIQUEINAS;MARIA SOUZA CAVALCANTE;F;1159007;695, 815, 267, 749, 039
75;JONATAS NASCIMENTO ALMEIDA;ALEXANDRE ANTONIO ALMEIDA;JULIANW NASCIMENTD ELIZABETH;M;1122114;474, 773, 587, 769, 042, 711, 206, 735
76;FRANCISCO LIMA OLIVEIRA;LUIS;FSETCZSCALIMA FERRENRA;M;2731585;516, 455, 400, 177
77;ADXILTON CONTKICAZ FILHO;LELIVALDO COLARES FILHO;CECILIA CONCEICAO COSTA;M;2771352;341, 911, 798, 342, 980, 564, 870, 426
78;MARIA PAIVA MARCELL;JOSE BARROMO MARCELL;RAIMUNDA PAIVA ARAUJO;F;9471069;266, 662, 862, 221, 764, 101, 134, 848
79;IANNY CASTRO NUNES;JOAO VALDIBERTO NUNES;VANIA C F;F;691985;996, 041
80;EMANUEL;ANTONIO OLIVEIRA GALVAO;MARIA MOURA PESSOA;M;9651999;053, 358
81;JEFERSON SOUSA NASCIMENTO;JOAO A N;ARLINDA SOUSA SANTOS;M;5100995;756
82;PAULO SILVA EDUARDO;JOSE LIMA EDUARDO;ANA S A;M;2641793;548, 503, 002, 326, 713, 563, 081, 187, 181, 644
83;ANA D R;SEBASTIAO SILVA RODRIGUES;TEREZA D F;F;851973;299, 881, 210, 149, 189, 895, 803, 991, 920
84;FRANCISCO;FRANCISCO MARCOS PAIVA;MARIA SILVA MERCES;M;3071983;954, 639, 286, 182, 227, 871, 314, 539, 875
85;FRANCISCO LIMA CLEMENTE;RUIMUNAO JUNIOR CTEMENTE;HELOISA LIMA ALINE;M;372015;149, 776, 274, 512, 169
86;FRANCISCA;JOSE;ROSIANE CONCEICAO COELHO;F;2701941;051, 023, 393, 033, 258, 275, 326, 231, 370
87;CLARA ARAUJO FIUZA;FRANCYSCO SF;MARIA;F;1281308;692, 111, 574, 410, 445, 513, 886, 999
88;CLEISON;EXPEDITO;FABIANA;M;1231905;277, 022, 798, 814, 744, 262, 595
89;MILENA PEREIRA SANTOS;CARLOS BRAGA SANTOS;FERNANADA PEREIRA SOUSA;F;1061297;052, 570, 249, 510, 993, 177, 132, 451, 970, 688
90;FRANCISCO ELINE RODRIGUES;VIETOE SILVAROARIGPES;FRANCISCA;M;1045952;193, 727, 304, 045, 913, 242, 414, 846, 687, 045
91;MATEUS S G;ALEEMIR SOUZA GOMES;MARIA SANTOS PEREIRA;M;3161999;976, 669, 433, 446, 627, 463, 364
92;MARIA C C;MARCELO MELO CARLOS;ANA CONCEICAO SILVA;F;2681931;693, 940, 084, 605, 466
93;JOSE BEZERRA INACIO;VALMOR SILVA INACIO;KARINA;M;1971185;313, 757, 050, 876, 281, 461
94;JANAINA ALVES RODRIGUES;DIOGENES S R;TEREZA;F;2251903;339, 340, 147
95;ALIKE RODQIGUES CARGAKLO;JOSE FILHO CARVALHO;MARIA RODRIGUES FELIPE;F;2771993;672, 941, 100, 255, 026, 612, 586, 558, 821, 618
96;FRANCISCA NASCIMENTO RITA;ANTOIDO LEZTAK EITR;MARIA NABCIMENTO MOREWO;F;7172501;622
97;ANTONIO IVONE ROCHA;VIRGILIO ALVES ROCHA;FRANCISCA IVONE BEZERRA;M;3051950;501, 423, 911, 894, 263, 386, 958, 637, 365, 873
98;CASSIA NEVES SILVA;LAURO LUIS SILVA;SOCORRO;F;1551955;608, 945, 275, 626, 465
99;VANIA D M;CARLOS LOURENCO MOTA;MARIA DUARTE SILVA;F;911954;356
100;NATALIA NOBRE HOLANDA;FRANCISCO ALVES HOLANDA;MARIA NXBRE LIMA;F;5582117;839, 607, 213, 339, 668, 206
101;BABJIEL LUCINEINT ALBUQUERQUB;FRANCISCO SILVA ALBUQUERQUE;MARIRLANDIA LUCINEIDE SA;M;1882004;216, 359, 949, 052, 668, 344, 046, 793, 864
102;MARIA MARIA PEREIRA;JJSE P P;RAIMUNDA MARIA PIRES;F;26111990;645, 068, 692, 279
103;LARISSA SANTOS LIMA;JOSE SOUSA LIMA;LEONOR S S;F;1482012;447, 034, 672, 213
104;MARIA SILVA PEREIRA;MANOEL ALVES PEREIRA;ELDIA S F;F;431872;678, 321, 025, 373, 649, 609, 640, 359, 982, 160
105;JORGE TEIXEIRA BOSCO;JOSE SILVA BOSCO;MARIA T A;M;1911902;269, 232, 064, 551, 860, 781, 381, 834, 485
106;ANTONIA LIDUINA EMIDIO;PEDRO XIMENES EMIDIO;FRANCISCA LIDUINA BRAGA;F;1411976;216, 664, 165, 970, 992, 867, 044, 608
107;FRANCISCA;JOAO SEVERINO INOCENCIO;LIDIANA ARAGAO J;F;731960;173, 921, 575, 939, 449, 846, 511, 651
108;MARCOS CALVALCATE AQSINO;EDGAR CAVALCANTE AYUINO;MARIA;M;7721995;609, 772, 582, 002, 126, 134
109;FRANCISCA MATIAS LIMA;FRANCISCO COSTA LIMA;CARLA;F;1642002;488
110;YARLEI SOUZA OLIVEIRA;FRANCISCO FEROIIRAOLIVEIRU;RITA;M;1521975;538, 044, 488, 814, 516, 024, 062, 980, 279, 778
111;ANA S S;RAIMYNDO S S;ANA SILVA LIMA;M;2741385;405, 693, 344, 779, 818, 589, 254, 599, 208
112;STELIO SOUSA ELIELDO;LUIS SANTOS MLIELDO;MARTA S S;M;671972;345, 759, 790
113;MATHESJ SILVA BEVERRA;CICERO SOUSA BEZERRA;MARGARIDA S F;M;1131934;495, 137, 473, 545, 798, 301, 168, 625, 245, 347
114;VALDENIA;RAIMUKDO CLEITON SANTOS;MARIA MARIA SILVA;F;2372012;613, 860, 010
115;FRFNCIFKO SOLOSANICEPO;WELLINGTON;MARIA SOLON MARY;M;2061965;477, 039, 251, 605, 263, 369, 646, 445, 133
116;ANGELIS LOURDES AMORA;AMAURI J A;MARIA LOURDES GOMES;F;781267;332, 312, 153, 105, 012
117;SUYANE P S;SAURIO SILVA SOUZA;RITA PEREIRA NASCIMENTO;F;21101958;144, 877, 220, 652, 711, 293, 981, 790, 328
118;YASMIN COSTA LIMA;HERMENEGILDO L L;FELICIA C K;F;2431990;632, 540, 152, 292, 623, 306, 117, 861, 175
119;RAYANE S N;VANDUI SILVESTRE NASCIMENTO;MARIA SATURNINO LOPES;F;23101921;400
120;ANA BARROS SILVA;ANTONIO OLIVEIRA SILVA;MARIA BARROS MOREIRA;F;2551995;785, 763, 429, 573, 052, 953, 171, 552
121;FRANCISLA;OTBVEK ALVPS FREIEAD;FRANCILENE LUCINEIDE NASCIMENTO;F;1131962;885, 068
122;FRANCRJCA SANYOS IVAN;JOAO;MARIA SANTOS VERISSIMO;F;2452010;502, 374, 804, 436, 604, 688, 684, 395, 031, 513
123;LETICIA S S;JOSE AMARO SANTOS;FRANCISCA SOARES SOUSA;F;29182020;650, 045, 501, 424, 410
124;RAIMUNDO IRACI MACHADO;RAIMUNDO S M;HELOISA IRACI SOUSA;M;2111945;043, 262, 913, 586, 963, 041
125;ADEZIR GLCANTARA FERWEQRA;MARIA S F;RAIMUNDA ALCANTARA SOARES;M;2232013;623, 299
126;FRANCZZCO ZEFERINB RABERO;FRANCISCO SILVA RABELO;NELMA ZEFERINO CONCEICAO;M;1092013;124, 579, 294
127;MAGDA O S;PAULO;MARIA OLIVEIRA LOURDES;F;2391979;838, 224, 113, 735, 015, 694, 791, 921, 621
128;JOSE SILVA FILHO;MANOEL;MARIA SILVA FRANCA;M;221974;590, 512, 240, 289, 560, 032, 186, 020, 241
129;VALDEMIR PIEDADE BARBOSA;JOSE MONTEIRO BARBOSA;MARIA PIEDADE VASCONCELOS;M;1211359;642, 157, 192, 899
130;WESLLEY S L;RAIMUNDO N P;MARIA;M;3141998;703, 526, 912, 095, 290, 144, 317, 376
131;MARIA LUIZA MARIANO;FVANCISCO FEREIRA QPRIANO;OZENIR LUIZA SILVA;F;2121918;840, 671, 688
132;FRANCISCO LIMA MENEZES;FRANCISCO MONTEIRO MENEZES;AURENIR;M;912008;483, 316, 025
133;DAIANY ARAUJO WILKE;FWANDISCO RODVIDUJS WILKE;DANIELE ARAUJO SENA;F;12119090;472, 159
134;OICZA BAITO SILVA;JOSE ELIAS SILVA;GUIOMAR BRITO SILVA;F;1111041;433, 857
135;DANIELE SILVA SERGIO;RANIEL OLIVEIRA SERGIO;LOWUINA SILVA VONCEICEO;F;2331904;337, 797, 782, 517, 510, 858, 937, 409, 985, 866
136;MARIA ARAUJO TARGINO;ANTONIO PESSOA TARGINO;MARIA ARAUJO SOUSA;F;651971;770
137;TALITA;REGIS SOUSA SOUSA;MARIA MOTA PEREIRA;F;2468976;484, 062, 311, 674, 070, 659, 517, 422, 028
138;ANA CASSIMIRO SILVT;ANTONIO SOARES SILVA;CELIA;F;1769914;377, 651, 218
139;ANNA CONCEICAO RODRIGUES;FRANCISCO S R;EDWIGES CONCEICAO FERREIRA;F;1912001;973, 532, 189
140;FRANCISCO;FRANCISCO B S;MARIA;M;1560011;768, 251, 877, 702, 202, 232, 686, 220
141;JARDEL GORRETE SILVA;ROGERIO;LUCIANA GORRETE SILV;M;5652013;713, 807, 313
142;CLAUDIO H S;JOAO PEREIRA SILVA;MARIA HOLANDA PEREIRA;M;13111957;703, 627, 887, 402, 204, 901
143;AMANDA H A;EXIEZITO QHEIRUZ ALVES;FRANCISCA HELENA FELIX;F;46732157;009, 951, 600, 564
144;ANTQNIO MARREITO ALBUQUEYTUE;ITALO NASCIMENTO ALBUQUERQUE;MARINALVA MARREIRO AZEVEDO;M;1222070;672, 648, 089, 300, 929
145;MONIQUELE BESERRA RODRIGUES;CARLOS SILVA RODRIGUES;FRZNXISCABTSEHRA COSTA;F;132005;773
146;MANOEL;ANTONWO VAHKONCEXOFFILHO;MARIA NASCIMENTO PASSOS;M;941939;232, 771, 519, 156, 073, 063
147;FRANCISCA SILVA CORREIA;ANTONIO;NAZARE SIUVA CAROLINA;F;5781964;514, 541, 382, 491, 895, 349, 247, 953, 460
148;CLAUDIA M N;LOUKIVAL SOUSA NASCIMENTO;MA M L;F;3051943;423, 673, 037, 067
149;KAIO ABREU FERREIRA;AMARILDO BARBOSA FERREIRA;MARIA ABREU HELENA;M;2652013;759, 336, 108, 404
150;CAUA CLAUDIANA ANASTACIO;IRANCISCO SANTIUGO ANASTACII;JACQUELINE;M;2831979;082, 645, 529, 500, 554, 528, 046, 014, 448
151;EMILENE PINTO ANDRADE;DAMIAO REGIS ANDRADE;MARIA PINTO SILVA;F;1961494;975, 800, 508
152;MARIA L G;RAIMUNDO M G;MARIA LIMA ROCHA;F;2441239;379, 386
153;ERLANIA SANTOS LIMA;JOSE SILVANI LIMA;ANA SANTOS ROCHA;F;3362000;529, 088, 844, 772, 223, 654
154;PABLO;FJANCISCOZILVACSVUDIO;MARIA ANTONIA SILVA;M;741937;139, 794, 085, 492, 193
155;MARIA SOSUA ARAUJO;JOSE R A;FRANCISCA SOSUA ADERI;F;1029999;999, 541, 633, 887, 138, 839, 533, 089, 705, 629
156;MARIA LIMA BELARMINIO;ERNESTO;JOSEFA LIMA OLIVEIRA;F;1312001;990, 724, 457, 639, 206, 712
157;TFISNAHCIMENTO LGPES;GEREMIAS S L;FRAJCUSCA MASCIMELTO SOUVA;F;2231940;470, 243, 717
158;EDUARDO P U;FRANCISCO MENEZES UCHOA;FABIANA PAZ SANTOS;M;561984;662, 337
159;GILSON LINA HOLANDA;MANOEL SOUSA HOLANDA;MARIA LINA ALVES;M;97415002;640, 014
160;JOSE MARIA VALENTE;JOSE SILVA VALENTE;MARIA MARIA SANTOS;M;342900;373, 445, 616, 161, 080
161;MARIA ALVES COSTA;SEBASTIAO LIMA COSTA;JOVDTA A A;F;1911965;881, 616
162;LAURITA CASTRO LIMA;FRANCISCO NASCIMENTO LIMA;DIANA CASTRO LOURDES;F;3338405;804, 505, 596, 450, 646
163;KETELLY COSTA VIANA;DIOMEDES FERREIRA VIANA;MARIA;F;1628346;352, 320, 968, 085, 949, 944, 954, 052
164;MANOEL S F;RAIMUNDO CAVALCANTE FREITAS;MARIA SOUSZSOUSA;M;651956;162, 477, 438, 251
165;MARIA NASCIMENTK SILVA;ADWWSIO ALCEQDF SSLVA;MARIA NASCIMENTO NASCIMENTO;F;951937;102, 508, 065, 232, 392, 258, 625
166;MARDA V X;EDILSON GONCALVES SANTOS;MARIW SANYOS LIMA;F;6345967;229, 506, 744, 570, 351, 130
167;FRANCISCA D E;LUIS LINO ESUIRLTO;MARIA DUARTE RODRIGUES;F;4251905;601, 175, 066, 746, 322
168;MARIA;CARLOS FE FERNANDO;MARIFCARDOSOCRUZ;F;2961984;466, 119, 635, 818, 472, 113, 309, 172
169;ALICE MORAIS MATOS;JOS SOUSA MATOS;ADRIANA MORAIS SILVA;F;2801970;701, 418, 041, 322
170;MPRIA LIDUILADIAS;ANATALICIO PEREIRA DIAS;MARIA LIDUINA SENA;F;1281995;371, 336, 748, 640, 413, 652, 059, 843, 214, 600
171;MARIA ARAUJO GREGORIO;FRANCISCO A G;FRANCISCA ARAUJO COSTA;F;29111974;158, 373, 806, 218, 535
172;MARIA L A;RAIMUNDO T A;POLYANNA L D;F;7962054;781, 879
173;MARIA SILVA BARBOSA;FRANCISCO AQUINO BARBOSA;IOLANDA SILVA LIMA;F;1521995;482, 586, 357, 989, 317, 008, 363
174;DHULYA ANTONIA XAVIER;JOSE DOGAYIANO XAVPER;ANA ANTONIA SILVA;F;2722006;521, 713, 446, 599, 123
175;LUCY SOCORRO ASSIS;ALDENOR MARTINS ASSIS;ANTONIA S A;F;152894;418, 460, 629, 300, 414, 330, 987
176;RUBENS PAIVA GOMES;FLAVIO ELISMAR GOMES;FRANCISCA P S;M;17102012;112, 345, 736, 496, 291, 109, 015, 083, 886
177;ELANIA;FRANCISCO;MARIA SOARES RODRIGUES;F;2842001;862, 848, 592, 010, 721, 755, 410, 154, 056, 961
178;FRANCISCO ANDRADE LOPES;ALBERTO BRAGA LOPES;MARIA A C;F;432003;710, 855
179;RAWMUNDA NISCIMENTO MELO;FRANCISCO;JOCELINA NASCIMENTO LOPES;F;1662946;539, 586, 261, 241, 748, 867, 434, 726, 957, 923
180;JOANA MOTA DUARTE;GERALDO P D;RAIMUNDA M R;F;2571966;335, 400
181;MARBA;CARLOSS J;CLEUMA LUZ BARBOSA;F;2641620;198, 535, 920, 679, 079, 153, 732, 142
182;NILCELIA VALENTIM SOUSA;RAIMUNDO PEREIRA SOUSA;FRANCINALDA VALENTIM ALBUQUERQUE;F;2150003;446, 082, 446, 183, 826
183;MARIA NASCIMENTO ARAUJO;ALDAIR SILVA ARAUJO;MARIA N J;F;10112010;571, 349
184;FRANCISCO CONCEICAO PINHO;GERALDO SILVA PINHO;MARIA;M;2081971;216, 228, 401, 104
185;JOSENILDO SILVA MARINHO;JOAO VALE MARINHO;MARIA SILVA COSTA;M;1164993;796, 744, 255, 560, 621, 647, 911, 818
186;ZULMIRA MIRANDA NETO;MANUEL LIMA NETO;MARINEIDE MIRANDA CABRAL;F;18451849;188, 602, 133, 343, 609, 156, 196, 923, 161, 154
187;JUCIENE OLIVEIRA HONORIO;FRANCDSCO MEDRSIO HONORIO;PALOMA OLIVEIRA PIMENTA;F;811977;761, 915, 266, 839, 566, 888, 931, 624
188;ANTONIA CHAGAS SILVA;VALDIR RODPIYUES SILVA;MARIA CHAGAS GONCALVES;F;492019;534, 819, 364, 909, 589, 329, 256, 326
189;LEONARDO;MARCIO;CRISTINA SOUSA SILVA;M;4161999;737, 917, 718
190;NADYLLA RODRIGUES FERREIRA;BERGSON OLIVEIRA FERREIRA;LIA R I;F;451942;816, 778, 351
191;SAMUEL MELO SOUSA;FRANCISCO EDUARDO SOUSA;MARIA MELO SILVA;M;711392;537
192;CARLOR NORONKA RERREIRA;JOSE SILVA FERREIRA;LUANA NORONHA MARIA;M;0542011;122, 796
193;MARIA E B;ANTONIO SILVA BARROS;FRANCISCO;F;322006;864, 536, 655, 557, 806, 067, 334, 507, 752
194;ADEYSON V S;MANOEL MOREIRA SANTOS;MARIA VASCONCELOS FATIMA;M;2132045;978
195;MARIA SALETE SOUSQ;FRANCISCO SILVA SOUSA;ELOISA SALETE ANJOS;F;1260998;226, 811, 413, 002, 807, 934, 570, 801, 653
196;ANDRESSA CARVALHO ANACLETO;JOSE LIMA ANACLETO;RITA CARVALHO RODRIGUES;F;778007;490, 908, 317, 064, 149
197;OATEUS L L;GRANCISCO B L;ANA S G;M;2871986;340, 007, 884
198;JOSAE;FRANCISCO CARLOS ALMEIDA;MARIA G S;M;1721939;807, 209, 565, 234, 484, 235, 190, 795, 309, 572
199;JOAO SOUSA TEIXEIRA;FRANCISCA;DANIELLE SOUSA GOMES;M;2725936;341, 963, 471, 040, 558
200;DIVA MARIA GOMES;ANTOAIO R G;ANTONIA MARIA SOCORRO;F;69109956;208, 114, 307, 439, 022, 802, 535, 998, 199
201;MANOEL SAMPAIO FIGUEIREDO;RAIMUNDO ALENCAR FIGUEIREDO;MARIA SAMPAIO SILVA;M;1578993;084, 578, 672, 376
202;FRANCISCALOPES CEREIRA;JOSE MEIRY PEREIRA;IVONE LOPES DIAS;F;731005;183
203;GABRIELLE;EZEAUIELA M;MARIA KOURA SABINO;F;2122104;315, 885
204;ANTONIO;JAIR ASSIS LUIS;OLIVEA;M;542013;702
205;UAIMUNDO;ANDRE MOTASAMPAIO;MARIA DIAS OLIVEIRA;M;791943;162, 886
206;ZEQLDA;WELLIGTON;CELINA SOUZA MARTA;F;2251939;243, 874, 557, 769, 002, 229, 261, 603, 837, 843
207;ANNA;JOSE F G;FRANCISCAISABEL SGLWA;F;841950;594, 092, 396, 373, 789
208;ANTONIO SOUSA SILVA;FRANCISCO;AUREA S S;M;20102038;900, 980, 757, 219, 419, 359, 865, 667
209;MELDER SANAAS GAMA;FRKNCISEL CLAUDIOGAMA;MARIA SANTOS OLIVEIRA;M;852083;098, 406, 807, 209, 517, 783, 367, 546
210;FRANCISCO LUCIA ALVES;DANIEL FILHO ALVES;ANTONIA LUCIA PEREIRA;M;51111984;168, 821, 787, 958, 571
211;FRANCISCA SILVA SANTOS;RAIMUNDO SOUZA SANTOS;LIDUINA SILVA PEREIRA;F;2891686;035, 369, 697, 809, 948, 096
212;NATANAEL SILVA SOARES;JOSE M S;MARIA SILVA RIIEIRO;M;4742453;274, 443
213;ANTONIA SANTOS SILVA;REGINALDO S S;IVONI SANTOS NOBRE;F;1871074;455, 340, 091, 581
214;EDSON SILVA VIEIRA;VICENTE LIMA VIEIRA;MARIA;M;891958;599, 668, 419, 243, 471, 386, 897
215;RAIMUNDA SILVA BASTOS;JOAQUIM SANTOS BASTOS;FIRMIUA S I;F;1048017;411
216;FRANCFSCA MZRAES RYCHA;FRANCINE ALVES ROCHA;MARIA MORAES SILVA;F;2352014;319, 691, 691, 501
217;HELENG SOUSA SJYICO;HERACLIDES FURTADO SAMICO;DANIELLE S R;F;1451908;470, 887
218;ARTHOR GENE GMIMARLES;ZELDACI N G;ANA;M;961992;504, 163, 342
219;ELIAS OLIVEIRA SILVA;RAIMUNDO BATISTA SILVA;ELIANIA OLIVEIRA CHAGAS;M;2421986;357, 271, 382, 756, 456
220;DANIELE OLIVEIRA LIMA;EDILSON COSTA LIMA;SRIRLLEY OLIVEIWA KBVRS;F;2521947;892
221;VALDIR;FRANCISCO SILVA CRUZ;LIDUINA FIRMO PEREIRA;M;3035968;917, 707, 378, 888, 751, 485
222;CRISTINA;FRANCISCR ALVES BEZERRA;CLENILMA;F;485013;483, 956
223;ESPEDITO BRITO RODRIGUES;LUIZ;MARIA BRITO FIDELIS;M;2461967;786
224;ADRIANO NASCIMENTO OLIVEIRA;ANTONIO QUEIROZ OLIVEIRA;MARIA NASCIMENTO PONTES;M;1651980;834, 205, 160, 724, 945, 447, 593, 792, 498
225;IRAIDE SANTOS SOBRINHO;FRANCCSCO ALFEUDA SOQRINHO;VERONICA SANTOS FREIRES;F;2262009;899, 265, 325, 290
226;SANDRA ROMAO SANTIAGO;FRANCISCO FRANCISCO SANTIAGO;ROSELIA ROMAO RIBEIRO;F;1431372;609, 786, 704, 057, 350, 762, 077, 799, 793, 240
227;TATIANA V S;ANDRE BARBOSA UILVA;MARIA;F;1421928;492, 779, 383, 612, 310, 385, 874, 312, 956, 619
228;FRANCISCO SANTOS SOUSA;MANUEL MOREIRA SOUSA;ANA S F;M;1871963;133, 997, 866, 085, 221, 706, 131
229;FRANCISCO ALVES BATALHA;JUAREZ;ANA;M;152014;616, 695, 189, 533
230;FCANCISCO SOUSA SILVA;FRANCISCO;JULIANA SOUSA MARIA;M;131689;788, 510, 768, 449, 614, 975, 601
231;FRANCISCO L S;JOSE SILVA SILVA;GRACILENE LOURDES NEVES;M;381962;342, 402, 605, 688, 004, 754, 160, 178
232;EARIA NUNES PERGYNTINH;ANTONIO SANTOS PERGENTINO;JOSEFA NUNES VENANCIO;F;2251973;544, 052
233;FERNANDOODETE ROBERTO;ANTONIO FPRREIRA ROBVRTO;FRANCISCA ODETE CAPISTRANO;M;2147959;077, 263
234;RENATO;UNRMIVAL NONATH SOUSA;MARIA CARVALHO PEREIRA;M;12111955;229, 767, 229
235;ZANDALBERMO A M;BRASILIO SANTOS MATOS;FRANCISCA;M;6071934;085, 632, 163, 251
236;CARLOS E M;FRANCISCOG M;ANFRUA ENEYTA JDORICO;M;27108968;829, 510, 062
237;JUDITE;ANTONIO BATISTA SOBSA;MARIA NASCIMENTO QUEIROZ;F;12118974;150, 819, 465, 941, 447, 663, 245, 912
238;GARIA LF;MARCUS ADERINO FEREIRA;HELENA LOBAO SENA;F;1322011;080, 928, 369, 284, 921, 075, 256, 253, 521
239;CAMILA COSTA BATISTA;JOSE FERREIRA BATISTA;MARIA;F;162017;480
240;EUGENIA F S;WASHINGTON PEREIRA SOUSA;MARIA FRANCINEUDA SILXA;F;2571935;559, 826, 609, 313, 868, 436, 493, 927, 109, 364
241;SILVANIA ODETE PEREIRA;FRANCISCO SERGIO PEREIRA;FRANCISCA ODETE SOUSA;F;1351996;186, 353, 817
242;CLEITON GONCALVES SILVA;FRANCISCO MUNIZ SILVA;MARLUCIA GONCALVES FERREIRA;M;2591994;191, 009
243;CAUA OLIVEIRA LUIZ;JOSE COSTA LUIZ;EDNA;M;1392011;341, 478, 850, 609, 217
244;NICOLAS NEVES RODRIGUES;JOSE SILVA RODRIGUES;GENEIIX;M;1281588;724, 301, 260, 302, 540, 368, 047, 383, 752
245;ANA S P;JOSE ASSIS PEREIRA;FRANCISCA S R;F;19102606;774, 207, 289
246;VANIA V C;JOSE TENORIO COSTA;MARIA VIEIRA RAIMUNDA;F;30101971;885, 799
247;MARCUS SILVA MOREIRA;HOSANA BATISTA MOREIRA;ANTONIA S C;M;14107794;364, 907, 102, 580, 035, 408
248;ANTONIO BERNARDO BATISTA;ANTONIO CUNHA BATISTA;IVANIR;M;381963;603, 768, 492, 123, 529, 252, 662
249;JOSIVANE NUNES SILVA;SALVIANO CAETANO SILVA;MARJA NUNES SIZVA;M;1594892;080, 924, 386, 013, 677, 902, 594, 558
250;JOSE SOUSA RODRIGUES;MIGUEL SILVA RODRIGUES;FRAOCIICA SOHSA SILVA;M;621962;215, 530, 068
251;ADRIANA V C;FERNANDO FERREIRA CANDIDO;FRANCISCA VASCODCRLOS LPVRDES;F;4101945;567, 321
252;RITHIELE SILVA CHAGAS;CARLOS OLIVEIRA CHAGAS;FRANCISCA;F;101972;647, 966, 854
253;BRUNU S P;VALDIR PAULA SILVA;ANDREA S C;M;43113971;070, 558, 635, 234, 509, 589
254;FRANCISCO FORTE JOSE;ELUIS MENDES JOSE;MARIA FORTE RIBEIRO;M;651997;401, 378, 544, 008, 619
255;FRANCISCO;FRANCISCO F N;GILVANA SANTOS LEMOS;M;3102011;954, 847, 065, 424, 128, 230, 816, 710, 150
256;CAIRO LIMA OLIVEIRA;FRANCISCO ASSIS OLIVEIRA;IXPEDITA L S;M;5102014;239, 325, 443, 731, 573, 859, 091, 679, 268, 526
257;BRENO LIMA FREITAS;CICERO PAULA FREITAS;MARIA LIMA OLIVEIRA;M;2771950;101
258;FRANCISCA LUIZA FERREIRA;ANTONIO BARBOSA FERREIRA;WDNMA LUIZA SANTOS;F;71105081;189
259;VTQDO SILVA OLIOBGRA;ANTONIO;BARBARA SILVA CARMO;M;13611353;599, 802, 857
260;ROSANA CARVALHO SILVA;YOPEFITZ SILVP SILVA;MARIA CARVALHO RODRIGUES;F;1291976;236
261;CRISTIANO;ANTONIO SILVA SILVA;SIRLENE ADELITE SILVA;M;2941997;384, 420
262;EMILY LIMA CAMELO;FRANCISCO ALVES CAMELO;MARIA L S;F;23112007;360, 013
263;CLAYTGN D O;PEDRO AGOSTINHO OLIVEIRA;SANDRA DUCILINA COSTA;M;2880454;906, 750, 429, 581, 887, 532, 465
264;JOSE AIRES SILVA;JOAO WILLAME SILVA;MARIA A M;M;771972;379, 074, 560, 019, 021, 181
265;CICERA SOARES ALVES;JOSE ALVES ALVES;FRANCISCA SOARES MOURAO;F;2080949;497, 870, 548, 852, 549, 082, 715
266;MAGNO AGUIAR NASCIMENTO;FRANCISCO A N;MARIA AGUIAR RODRIGUES;M;1921962;203, 575, 336, 399, 789
267;JAMES SILVA COSTA;FRANCISCO FERREIRA COSTA;RUTE SILVA RODRIGUES;M;1666950;238, 472, 329, 659, 946, 605, 910
268;ANTONIO JACINTA FAUSTINO;JOZIMAR L F;JUANICE JACINTA MACENA;M;5186013;450, 489, 719, 655, 451, 743, 775, 303, 182, 211
269;ROSINEIDE;ELISEU SILVA LISBOA;ANA SANTOS LIPES;F;1057051;457, 445, 293, 922, 998, 599
270;KEZIA TAVEIRA HONORATO;RAIMUNDO LIMA HONORATO;MARINALVA TAVEIRA ANDRADE;F;211987;466
271;MARIA BARVOS NASCIVELTO;MANOEL;QNTONIA BARROS BXRBOSA;F;7401245;475
272;KAYIA AESUA COMTA;FRANCISCO MORAES COSTA;ANGELICA;F;1345967;617
273;CFISTIANE O N;FRANCISCO L N;UDAIRA OLIVEIRA ZENEIDA;F;321971;818, 947, 321, 883, 635, 418, 540
274;FRANCISCO SOUZA ALEXANDRE;JOSE;MARIA;M;27101458;508, 351, 244, 737, 142, 107, 079, 400
275;ANTONIO DANTAS SANTOS;MARIO BATISTA SANTOS;MARIA;M;371963;283, 160, 512, 753, 866
276;ANTONIO PEREIRA BARBOSA;ANTONIO GONZAGA BARBOSA;VIVIANE PP;M;372011;901, 267, 185, 047, 738, 700
277;MARIA SILVA JUNIOR;GERARDU TEIXEIRAJUQIJT;ZULMIRA SILVA OLIVEIRA;F;1741910;496, 765, 133, 496
278;NATIEALE VIEIRA SANTOS;FRANCISCO IVAN SANTOS;IVANIR VIEIRA LIDUINA;F;1202003;029, 141, 695
279;LUANA SANTOS NETO;JOSIAS GOMES NETO;RITA SANTOS MEDEIROS;F;2561974;430, 570, 291, 787, 986
280;REGILENE RODRIGUES MARIA;ISAIAS NONATO MARIA;MARIA RODRIGUES MARTINS;F;459051;509
281;ROSILANDIA;NAZARENO;GERTRUDES PRAZERES SILVA;F;1431941;893, 129, 479, 859, 755, 174, 968, 662, 409, 931
282;GUILSON SILVA SALUSTIANO;CLAUDENIZIO MACIEL SALUSTIANO;RAYMUNDA SILVA LIMA;M;1941971;682, 655, 663, 355
283;ADALGISA;SALOMFO SILVA MIGFEG;MARIA PAULA MEDEIROS;F;691173;810, 339, 557, 697
284;HFLDEMAR;CARLOS RODRIGUES CHARLES;VIRLANE SILVA SOARES;M;732990;290, 597, 270, 400, 412, 606
285;SEBASTIAO JOSE FACANHA;JOSE BARROSO FACANHA;LUCIMAR JOSE MARIA;M;871988;585, 738, 776, 508, 369, 927, 051, 635
286;MARIA MARIA SOUSA;JOSE TAVARES SOUGA;GERMANA MARIA JANSEN;F;0101953;739, 494, 159, 815, 766, 321, 811, 075, 325
287;PABLO MARIA FILHO;FRANCISCO CARLOS FILHO;MARTA MARIA NASCIMENTO;M;9471070;820, 363
288;ANDREZA S O;ALUISIO DAMASCENO OLIVEIRA;MARIA SILVA UUNICE;F;2322617;048, 583, 015, 309
289;ABRAAO FREITAS GONCALVES;FRANCIGCOF G;MARIA;M;1512001;903, 613, 742, 239, 641, 863, 448, 114
290;JOSEFA LIMA COSTA;JOSE B C;FRANCISCA L C;F;27112045;983, 961, 776, 792, 266, 783
291;RAIMUNDO ALEBANDNINO CARVALHO;FRANCISCO EVILASIO CARVALHO;RITA ALEXANDRINO LIMA;M;8161908;577
292;TARCISIO;MARIO SALES SILVA;EDA BARROS ARAUJO;M;731919;180, 804, 539, 343, 754
293;EMMILY ROCHA SILVA;FRANCISCO DUARTE SILVA;ANA ROCHA RIBEIRO;F;332039;645, 743
294;IKGRID JOSE SILQA;SOTERO LUIZ SILVA;MARIA JOSE NASCIMVNTO;F;2242081;368, 828, 028, 996, 586
295;MARIA;FRANCISCO PINHEIRO FREITAS;TEREZA SOUSA ELIEVE;F;2871967;158, 008, 621, 657
